{"info":{"itemID":608,"schema":1,"jasminumVersion":"1.1.17"},"outline":[{"level":1,"title":"1. Introduction","page":2,"x":0,"y":793.7009887695,"children":[]},{"level":1,"title":"2. Synthesis of DES","page":2,"x":0,"y":793.7009887695,"children":[]},{"level":1,"title":"3. DES interactions within biological systems","page":3,"x":0,"y":793.7009887695,"children":[]},{"level":1,"title":"4. Effect of water on DES","page":3,"x":0,"y":354,"children":[{"level":2,"title":"4.1. DES supramolecular network","page":3,"x":0,"y":103,"children":[]},{"level":2,"title":"4.2. Physico-chemical properties of DES","page":5,"x":0,"y":793.7009887695,"children":[{"level":3,"title":"4.2.1. Freezing point","page":5,"x":0,"y":793.7009887695,"children":[]},{"level":3,"title":"4.2.2. Viscosity","page":5,"x":0,"y":793.7009887695,"children":[]},{"level":3,"title":"4.2.3. Density","page":5,"x":0,"y":103,"children":[]},{"level":3,"title":"4.2.4. Ionic conductivity","page":5,"x":0,"y":793.7009887695,"children":[]}]}]},{"level":1,"title":"5. DES applied to biological macromolecules","page":5,"x":0,"y":793.7009887695,"children":[{"level":2,"title":"5.1. DES - phospholipids","page":6,"x":0,"y":793.7009887695,"children":[]},{"level":2,"title":"5.2. DES - proteins","page":7,"x":0,"y":793.7009887695,"children":[]},{"level":2,"title":"5.3. DES - nucleic acids","page":11,"x":0,"y":291,"children":[]},{"level":2,"title":"5.4. DES - polysaccharides","page":11,"x":0,"y":239,"children":[]}]},{"level":1,"title":"6. Conclusions","page":15,"x":0,"y":793.7009887695,"children":[]},{"level":1,"title":"Contributors","page":15,"x":0,"y":103,"children":[]},{"level":1,"title":"Declaration of Competing Interest","page":15,"x":0,"y":793.7009887695,"children":[]},{"level":1,"title":"Acknowledgements","page":15,"x":0,"y":793.7009887695,"children":[]},{"level":1,"title":"References","page":15,"x":0,"y":375,"children":[]}]}