{"info":{"itemID":623,"schema":1,"jasminumVersion":"1.1.17"},"outline":[{"level":1,"title":"Abstract","page":1,"x":106,"y":523,"children":[]},{"level":1,"title":"1  |  INTRODUCTION","page":1,"x":0,"y":137,"children":[]},{"level":1,"title":"2  |  EXPERIMENT AND METHODS","page":2,"x":202,"y":204,"children":[{"level":2,"title":"2.1  |  Experimental section","page":2,"x":202,"y":178,"children":[{"level":3,"title":"2.1.1  |  Materials","page":2,"x":202,"y":152,"children":[]},{"level":3,"title":"2.1.2  |  Preparation of DESs","page":3,"x":0,"y":724,"children":[]},{"level":3,"title":"2.1.3  |  Vapor–liquid equilibrium (VLE) experiment","page":3,"x":0,"y":477,"children":[]},{"level":3,"title":"2.1.4  |  Dynamic absorption experiment","page":3,"x":0,"y":243,"children":[]}]},{"level":2,"title":"2.2  |  Molecular dynamic simulation","page":3,"x":202,"y":451,"children":[]}]},{"level":1,"title":"3  |  RESULTS AND DISCUSSION","page":4,"x":0,"y":496,"children":[{"level":2,"title":"3.1  |  Physical properties of DESs","page":4,"x":0,"y":470,"children":[]},{"level":2,"title":"3.2  |  Vapor pressure of benzene / toluene–DES systems","page":4,"x":202,"y":373,"children":[]},{"level":2,"title":"3.3  |  Dynamic absorption","page":5,"x":0,"y":139,"children":[]},{"level":2,"title":"3.4  |  Effect of water content","page":6,"x":0,"y":256,"children":[]},{"level":2,"title":"3.5  |  DESs regeneration","page":6,"x":202,"y":425,"children":[]},{"level":2,"title":"3.6  |  MD simulations","page":6,"x":202,"y":204,"children":[{"level":3,"title":"3.6.1  |  Interaction energy analysis","page":6,"x":202,"y":178,"children":[]}]},{"level":2,"title":"3.7  |  Host–guest interaction","page":8,"x":0,"y":295,"children":[]},{"level":2,"title":"3.8  |  Absorption mechanism of HBAs","page":8,"x":202,"y":87,"children":[]},{"level":2,"title":"3.9  |  Absorption mechanism of HBDs","page":9,"x":202,"y":308,"children":[]}]},{"level":1,"title":"4  |  CONCLUSIONS","page":11,"x":0,"y":555,"children":[]},{"level":1,"title":"AUTHOR CONTRIBUTIONS","page":11,"x":202,"y":659,"children":[]},{"level":1,"title":"ACKNOWLEDGMENTS","page":11,"x":202,"y":503,"children":[]},{"level":1,"title":"CONFLICT OF INTEREST STATEMENT","page":11,"x":202,"y":386,"children":[]},{"level":1,"title":"DATA AVAILABILITY STATEMENT","page":11,"x":202,"y":347,"children":[]},{"level":1,"title":"ORCID","page":11,"x":202,"y":274,"children":[]},{"level":1,"title":"REFERENCES","page":11,"x":202,"y":209,"children":[]},{"level":1,"title":"SUPPORTING INFORMATION","page":13,"x":202,"y":509,"children":[]}]}