{"info":{"itemID":630,"schema":1,"jasminumVersion":"1.1.17"},"outline":[{"level":1,"title":"1. Introduction","page":1,"x":0,"y":793.701,"children":[]},{"level":1,"title":"2. Methodology","page":3,"x":0,"y":793.701,"children":[{"level":2,"title":"2.1. SAFT-γ Mie models and theory","page":3,"x":0,"y":793.701,"children":[]},{"level":2,"title":"2.2. Systems of interest and definition of groups","page":4,"x":0,"y":793.701,"children":[]},{"level":2,"title":"2.3. Parameter estimation","page":4,"x":0,"y":793.701,"children":[]}]},{"level":1,"title":"3. Results and discussion","page":5,"x":0,"y":793.701,"children":[{"level":2,"title":"3.1. Pure components","page":5,"x":0,"y":793.701,"children":[]},{"level":2,"title":"3.2. Binary mixtures","page":6,"x":0,"y":793.701,"children":[]},{"level":2,"title":"3.3. Ternary mixtures","page":12,"x":0,"y":793.701,"children":[]}]},{"level":1,"title":"4. Conclusion","page":14,"x":0,"y":793.701,"children":[]},{"level":1,"title":"Acknowledgements","page":14,"x":0,"y":793.701,"children":[]},{"level":1,"title":"References","page":14,"x":0,"y":793.701,"children":[]}]}