{"info":{"itemID":631,"schema":1,"jasminumVersion":"1.1.17"},"outline":[{"level":1,"title":"Introduction","page":1,"x":41.89999,"y":410,"children":[]},{"level":1,"title":"Models and theory","page":4,"x":41.89999,"y":840.2,"children":[{"level":2,"title":"Intermolecular potential models","page":4,"x":41.89999,"y":840.2,"children":[]},{"level":2,"title":"SAFT-gamma GC approach for groups formed from multiple segments","page":5,"x":41.89999,"y":840.2,"children":[{"level":3,"title":"Ideal contribution","page":5,"x":41.89999,"y":410,"children":[]},{"level":3,"title":"Monomer contribution","page":5,"x":41.89999,"y":840.2,"children":[]},{"level":3,"title":"Chain contribution","page":7,"x":41.89999,"y":840.2,"children":[]},{"level":3,"title":"Association contribution","page":8,"x":41.89999,"y":840.2,"children":[]}]}]},{"level":1,"title":"Parameter estimation","page":8,"x":41.89999,"y":840.2,"children":[]},{"level":1,"title":"Results and discussion","page":9,"x":41.89999,"y":840.2,"children":[{"level":2,"title":"Extension of parameter table","page":9,"x":41.89999,"y":840.2,"children":[]},{"level":2,"title":"Predictions: pure component VLE, binary mixture VLE and LLE","page":12,"x":41.89999,"y":410,"children":[]}]},{"level":1,"title":"Concluding remarks","page":15,"x":41.89999,"y":410,"children":[]},{"level":1,"title":"Acknowledgements","page":15,"x":41.89999,"y":840.2,"children":[]},{"level":1,"title":"Appendix A","page":15,"x":41.89999,"y":840.2,"children":[]},{"level":1,"title":"Appendix B","page":17,"x":41.89999,"y":410,"children":[]},{"level":1,"title":"References","page":19,"x":41.89999,"y":410,"children":[]}]}