{"info":{"itemID":642,"schema":1,"jasminumVersion":"1.1.17"},"outline":[{"level":1,"title":"1. Introduction","page":1,"x":0,"y":793.701,"children":[]},{"level":1,"title":"2. Methodology","page":2,"x":0,"y":793.701,"children":[{"level":2,"title":"2.1. Kirkwood-Buff theory","page":2,"x":0,"y":793.701,"children":[]},{"level":2,"title":"2.2. Assessment of Kirkwood-Buff integration","page":3,"x":0,"y":793.701,"children":[]}]},{"level":1,"title":"3. Binary Lennard-Jones mixtures","page":5,"x":0,"y":793.701,"children":[]},{"level":1,"title":"4. Binary mixtures of real components","page":5,"x":0,"y":793.701,"children":[]},{"level":1,"title":"5. Conclusion","page":9,"x":0,"y":793.701,"children":[]},{"level":1,"title":"Funding sources","page":11,"x":0,"y":793.701,"children":[]},{"level":1,"title":"Acknowledgement","page":11,"x":0,"y":793.701,"children":[]},{"level":1,"title":"Appendix. Simulation details","page":11,"x":0,"y":793.701,"children":[]},{"level":1,"title":"Appendix A. Supplementary data","page":11,"x":0,"y":793.701,"children":[]},{"level":1,"title":"References","page":12,"x":0,"y":793.701,"children":[]}]}