{"info":{"itemID":609,"schema":1,"jasminumVersion":"1.1.17"},"outline":[{"level":1,"title":"1 Introduction","page":1,"x":37.6129,"y":263.740997,"children":[]},{"level":1,"title":"2 Materials and methods","page":2,"x":306.604004,"y":740.708984,"children":[{"level":2,"title":"2.1 Reagents and solutions","page":2,"x":306.604004,"y":719.786987,"children":[]},{"level":2,"title":"2.2 Preparation of NADESs","page":2,"x":306.604004,"y":510.252014,"children":[]},{"level":2,"title":"2.3 Instrumentation","page":2,"x":306.604004,"y":373.94101,"children":[]},{"level":2,"title":"2.4 Milk samples and sample pretreatment","page":3,"x":37.6129,"y":505.541992,"children":[]},{"level":2,"title":"2.5 Microextraction procedure","page":3,"x":37.6129,"y":291.296997,"children":[]},{"level":2,"title":"2.6 Statistical analysis","page":3,"x":306.604004,"y":638.429016,"children":[]}]},{"level":1,"title":"3 Results and discussion","page":3,"x":306.604004,"y":563.275024,"children":[{"level":2,"title":"3.1 Preliminary studies","page":3,"x":306.604004,"y":542.354004,"children":[{"level":3,"title":"3.1.1 NADES composition selection","page":3,"x":306.604004,"y":458.667999,"children":[]},{"level":3,"title":"3.1.2 Primary amine selection","page":4,"x":306.604004,"y":238.595993,"children":[]}]},{"level":2,"title":"3.2 Investigation of appropriate SUPRAS-based microextraction conditions","page":5,"x":37.6129,"y":677.622986,"children":[{"level":3,"title":"3.2.1 Selection of molar ratio between NADES precursors","page":5,"x":37.6129,"y":646.241028,"children":[]},{"level":3,"title":"3.2.2 Selection of NADES volume","page":5,"x":37.6129,"y":478.869995,"children":[]},{"level":3,"title":"3.2.3 Selection of sample volume","page":5,"x":37.6129,"y":374.263,"children":[]},{"level":3,"title":"3.2.4 Selection of extraction time","page":5,"x":37.6129,"y":227.813004,"children":[]}]},{"level":2,"title":"3.3 Characterization of SUPRAS phase","page":5,"x":37.6129,"y":122.884003,"children":[]},{"level":2,"title":"3.4 Investigation of appropriate pretreatment of milk prior to microextraction procedure","page":5,"x":306.604004,"y":415.783997,"children":[]},{"level":2,"title":"3.5 HPLC-FLD procedure optimization","page":6,"x":37.6129,"y":277.464996,"children":[]},{"level":2,"title":"3.6 Validation","page":6,"x":306.604004,"y":131.014999,"children":[]},{"level":2,"title":"3.7 Comparison with other procedures","page":7,"x":306.604004,"y":667.484009,"children":[]},{"level":2,"title":"3.8 Greenness assessment","page":8,"x":37.6129,"y":740.708984,"children":[]}]},{"level":1,"title":"4 Conclusion","page":8,"x":37.6129,"y":552.416016,"children":[]},{"level":1,"title":"CRediT authorship contribution statement","page":8,"x":306.604004,"y":740.708984,"children":[]},{"level":1,"title":"Declaration of competing interest","page":8,"x":306.604004,"y":621.731018,"children":[]},{"level":1,"title":"Data availability","page":8,"x":0,"y":793.700989,"children":[]},{"level":1,"title":"Acknowledgements","page":8,"x":306.604004,"y":516.197021,"children":[]},{"level":1,"title":"Appendix A Supplementary data","page":8,"x":306.604004,"y":410.662994,"children":[]},{"level":1,"title":"References","page":8,"x":306.604004,"y":357.433014,"children":[]}]}